id;name;description;price;currency;image_url;create_date;last_update_date
1;mobile Fish;Home Loan Account Table Computer;5808;FTP Savings Account;deposit Tasty Metal Bacon Implementation;2019-07-26T02:02:58;2019-07-25T21:42:15
2;Soap methodology Albania;Home Namibia;39986;Gorgeous Frozen Pants;Common;2019-07-25T07:13:27;2019-07-25T11:13:37
3;syndicate;Mississippi Refined Rubber Chicken Table;6505;Factors;South Dakota envisioneer Music;2019-07-25T20:31:36;2019-07-25T09:38:48
4;infomediaries;Investment Account;83319;Salad;Digitized invoice;2019-07-25T18:35:13;2019-07-25T15:51:52
5;sky blue Georgia;Facilitator;77513;Markets Chief;capacitor archive;2019-07-25T12:22:39;2019-07-25T21:21:52
6;Tasty Plastic Pizza scale;South Georgia and the South Sandwich Islands;58675;Specialist Home Loan Account;Plastic;2019-07-25T06:48:56;2019-07-25T22:06:06
7;Industrial;index orange;552;overriding;monitor 1080p Checking Account;2019-07-25T03:50:14;2019-07-25T17:27:54
8;Frozen IB;Highway Ergonomic;37081;Lempira;pixel withdrawal;2019-07-25T04:46:31;2019-07-25T12:35:54
9;embrace Developer;synthesize Idaho compress;49379;Poland;Small partnerships;2019-07-25T21:13:37;2019-07-26T01:18:50
10;withdrawal knowledge base Buckinghamshire;Concrete Investment Account Saint Lucia;20306;Brand;neutral Salad;2019-07-25T03:45:20;2019-07-25T11:05:01
